<Patterns>
	<Name>Straight Line</Name>
	<Pattern>
		<Boxes>
			<Box id="1" />
			<Box id="7" />
			<Box id="13" />
			<Box id="19" />
			<Box id="25" />
		</Boxes>
	</Pattern>
	<Pattern>
		<Boxes>
			<Box id="21" />
			<Box id="17" />
			<Box id="13" />
			<Box id="9" />
			<Box id="5" />
		</Boxes>
	</Pattern>
	<Pattern>
		<Boxes>
			<Box id="1" />
			<Box id="2" />
			<Box id="3" />
			<Box id="4" />
			<Box id="5" />
		</Boxes>
	</Pattern>
	<Pattern>
		<Boxes>
			<Box id="6" />
			<Box id="7" />
			<Box id="8" />
			<Box id="9" />
			<Box id="10" />
		</Boxes>
	</Pattern>
	<Pattern>
		<Boxes>
			<Box id="11" />
			<Box id="12" />
			<Box id="13" />
			<Box id="14" />
			<Box id="15" />
		</Boxes>
	</Pattern>
	<Pattern>
		<Boxes>
			<Box id="16" />
			<Box id="17" />
			<Box id="18" />
			<Box id="19" />
			<Box id="20" />
		</Boxes>
	</Pattern>
	<Pattern>
		<Boxes>
			<Box id="21" />
			<Box id="22" />
			<Box id="23" />
			<Box id="24" />
			<Box id="25" />
		</Boxes>
	</Pattern>
	<Pattern>
		<Boxes>
			<Box id="1" />
			<Box id="6" />
			<Box id="11" />
			<Box id="16" />
			<Box id="21" />
		</Boxes>
	</Pattern>
	<Pattern>
		<Boxes>
			<Box id="2" />
			<Box id="7" />
			<Box id="12" />
			<Box id="17" />
			<Box id="22" />
		</Boxes>
	</Pattern>
	<Pattern>
		<Boxes>
			<Box id="3" />
			<Box id="8" />
			<Box id="13" />
			<Box id="18" />
			<Box id="23" />
		</Boxes>
	</Pattern>
	<Pattern>
		<Boxes>
			<Box id="4" />
			<Box id="9" />
			<Box id="14" />
			<Box id="19" />
			<Box id="24" />
		</Boxes>
	</Pattern>
	<Pattern>
		<Boxes>
			<Box id="5" />
			<Box id="10" />
			<Box id="15" />
			<Box id="20" />
			<Box id="25" />
		</Boxes>
	</Pattern>
	<Pattern>
		<Boxes>
		</Boxes>
	</Pattern>
</Patterns>
